﻿OUTIL;DESCRIPTIONS;CARACTÉRISTIQUES;MARQUE/MODÈLE;REFERENCE;OBS;
PIOCHE;2,5kg manche incassable;Nertech mb 2,5kg*manche incassable fiche de verre-polypropylène élastomère;NERTECH m.b 2,5kg;0M-15-005-Mac;OK;
ASPIRATEUR;aspirateur Hilti universal VCL-40;aspirateur Hilti universal VCL-40 Professionnel usage à sec et à eau;Hilti universal VCL-40 Professionnel;ASP-15-002;OK;
ASPIRATEUR;aspirateur KARCHER WD 6 P PREMIUM;KARCHER WD 6 P PREMIUM * S/N 142253;KARCHER WD 6 P PREMIUM;ASP-17-001;OK;
CAISSE À OUTILS;KRAFTSTAHL / 188 outils divers (Valise grise);KRAFTSTAHL SWISS Professional tools 188 Pcs;KRAFTSTAHL SWISS;C0-15-001;OK;
CAISSE À OUTILS;Stanley (valise grise);1 brosse métallique*1 Mallet*1 marteau Stanley avec manche caoutchou*2 protèges genoux*2 forets bas*2 tenailles (1 avec ressort)*1 équerre Menuiserie 300*1 truelle*1 perceuse mauve bois*1 scie cloche et trépan Q68L 160*1 Mini étant*3 tangit UNI-LOCK, Fil nylon pour étanchéité*1 boite de craie de marquage/ standard IRWIN -strait-line (bleue)*1 Coffret foret étagés Q4-12/4-32/4-20*1 Coffret MULTI 25 x HSS cobatt.*1 coffret avec 2 scies trépan Q60 et 80 *1 trépan amovible;Stanley;CO-15-002;OK;
CAISSE À OUTILS;facom / outillage divers;caisse a outil facom 47 L.66cm professionnal*Cintre tube enroler Q=12mm*cintre tube en alu Q= 14mm*cintre tube en alu Q=16 mm*broche de Macon*Ciseau de maçon;facom 47 L.66cm professionnal;CO-15003;OK;
CAISSE À OUTILS;FORETS ETAGES (coffret metallique gris);;RIBITECH;Co-15-003-04;OK;
CISEAU DE MACON;;ciseau de maçon*cisaille à cran*coupe tube 24mm (rothenberger pro4)*6-42mm;ciseau de maçon*cisaille à cran*coupe tube 24mm( rothenberger pro4) 6-42mm;Co-15-003-04-mac;OK;
CAISSE À OUTILS;caisse à outil multi étage Rolling work station RWS;3 tournevis français*3tournevis American*plusieurs pièces en cuivre pour plomberie.*cheville /vise/ru/ robinet /coude etc. pour la plomberie matériel en cuivre.;Rolling work station RWS;Co-15-004;OK;
CAISSE À OUTILS; WURTH;WURTH  230v-1500w-5500/min max Q=160mn *N° :00000117947;WURTH wsc-55;Co-15-005;OK;
AGRAFEUSE;Agrafeuse JEP 196B (mallette noir);02 batteries*01 chargeur *batterie : 9,6*agrafes type 537 de 6 à 16mm 900coups/charge *série : 200203081*réf. : cab 116;JEP 196 B;Co-15-005-MEN;OK;
CAISSE À OUTILS;25 FORETS POUR ACIER ET METAL (coffret rouge hilti);;HILTI 25x HSS COBALT;Co-15-005-MEN;OK;
CAISSE À OUTILS;Stanley multi étages;plusieurs outils marteaux serre joints -ventouse-fils de maçon -tourne vice-couteau menuiserie etc. foret cloches….;Stanley nba;Co-15-006;OK;
CAISSE À OUTILS;Caisse à outils STANLEY / plomberie;outils pour plomberie et raccord cuisine;STANLEY;Co-15-007;OK;
COMPRESSEUR A AIR;REDSTONE;8bars*asp/ref=412Ll/min*reservoir=59L*SN : 0145-04992*pour gonflage, soufflage, agrafage, peinture décorative;REDSTONE CR 520 DC;K-17-001;OK;
MASQUE DE SOUDEUR;hermès 913G-lcd;hermès 913 G-lcd*masque de soudeur hermès 913G-lcd pour utilisation électrode MMA/TIG/MIG-MAG;hermès 913 G-lcd;KSK-15001-SEA;OK;
CAISSE À OUTILS;12 MECHES CARBURES (coffret bois beige);;NOVIPRO;Mp-15-001-MEN;OK;
perforateur burineur;Marteau piqueur HILTI-TE 76P03 (Valise rouge);HILTI-TE 76P03-00029345*travaux de maçonnerie avec Forets .NB: 09 Forets;HILTI-TE 76P03-00029345;MP-15-002-Mac;OK;
perforateur burineur;Marteau piqueur Hilti -Te 70 06 (Valise rouge);Hilti -Te 70 06-0144041-Mp-12*pour travaux de maçonnerie-burinage avec forets NB : 05 Forets;Hilti -Te 70 06-0144041-Mp-12;MP-15-004-MAC;OK;
RAINEUSE;Hilti Hilti dc-se20 (MALETTE ROUGE);RAINEUSE Hilti dc-se20 :7500tr/min Q=125mm*rainure sur surface pour le passage plus 02 disques diamant à ruiner plus clef de montage disque plus pierre réaffutage;Hilti dc-se20;MP-15-004-Mac;OK;
MALAXEUR ÉLECTRIQUE;redstone (valise noir);mélangeur portatif 1600w rsm1600 2 speeds   Q=14mm*0-650/min*N°20140604195*02 clé*01 cutter (dexter)*02 charbons pour entretien;redstone;MP-15-005-MAC;;
DÉFONCEUSES;Bosch (Malette verte);01 fraise et 1 coffret de 4 fraises et 1 guide de profondeur et latérale, avec guide de bordure et manuel d’utilisation;Bosch 3603B6C701 407004283;MP-15-005-men;OK;
PERCEUSE;Hilti TE 2-M portatif (MALETTE ROUGE);Hilti TE 2-M 230v-650w-3, oA*Max béton Q : 22mm 7/8*Max Acier Q : 13 mm1/2*04-0312574*+14 forets béton*+01 tube de guidage;Hilti TE 2-M;Mp-15-006-Mac;OK;
SCIE;scie à main IRWIN  pour bois;scie à main IRWIN  pour bois;IRWIN;mp-15-006-men;OK;
PONCEUSE VIBRANTE;Hilti wfo 280 (MALETTE ROUGE);hilti wfo 280 112x223mm*350w-1,5A-230v-50-60hs*325051-1-108559-05;hilti wfo;MP-15-007-Mac;OK;
MEULE;grande meule electrique MAKITA;;makita;MP-17-001-mec;OK;
MEULE;petite meule Bosch electrique (Malette verte Bosch);Bosch PWS 1000-125;Bosch PWS 1000-125;Mp-17-003-Mec;OK;
SCIE;scie à main IRWIN  pour bois;scie à main IRWIN  pour bois;irwin;MPA-15-001-MEN;;
MEULE;petite meule autonome Bosch (Malette verte Makita);Bosch Gws 18 V-U professionnal.*Chargeur Bosch : AL-1860cv*Batterie li-lon technology 18 volt.3, 0 ahremim 301027m-2010*2607-336-235*batterie bat 609 bat618 li-ion 18v-15ah/27wh;Bosch Gws 18 V-U professionnal;Mpa-15-002-Mec;OK;
PERCEUSE;perceuse HILTI sfc 14-A autonome (MALETTE ROUGE);HILTI sfc 14-A 9278183*hilti c4/3690110141297*02-B14/1.6Li-Lon 2536066/2588573*02batteries Li-ion*coffret de forets 2-3-4-5-6-8mm (Hilti)*;HILTI sfc 14-A 9278183*hilti c4/3690110141297;Mpa-15-003;OK;
SCIE;scie à main Stanley pour bois;scie à main Stanley pour bois;Stanley;MPA-15-004-MEN;OK;
VISSEUSE;autonome Hilti sid 14-A;Hilti sid 14-A N°1045856*14avec 1 batterie compatible avec la mpa 15 003*NB : pas de coffret;Hilti sid 14-A;Mpa-15-005;OK;
PERCEUSE;Hilti sf151-A autonome (MALETTE ROUGE); avec deux 02batteries+01chargeurs Hilti c7/24;Hilti sf151-A;Mpa-15-006;OK;
PERCEUSE;HILTI TE 30-A36   autonome (MALETTE ROUGE);"HILTI TE 30-A36   BATTERIE B36/60 Li-ion N°0078650*batterie b 36/6.0 Li-ion N°0078649*chargeur Li-ion CPC Hilti c4/36-350 N°200340176 ;*avec deux 02 batteries +01 chargeurs.*01 foret burin*01foret pointeau 01boite de 06 forets (5, 6, 68, 10,12) pour béton";HILTI TE 30-A36;Mpa-15-007;OK;
BLOC ELECTRIQUE;BLOC ELECTRIQUE CHANTIER NOVIPRO 3 prises, 1  disjoncteur différentiel ;;;OEL-15-001;OK;
RALLONGE ELECTRIQUE MULTIPRISE;enrouleur 25 m (NOIR);KF-FBGP2;;OEL-15-002;OK;
LASER POINT ET LIGNE;Bosch GCL25 professional;Bosch GCL25 professional 303000177 GCL 253601k66B00 plus support universel de fixation.*Pour mise à niveau automatique et alignement verticale et horizontale. Avec support pour fixation et sac de transport et 4 piles rechargeable avec chargeur et 1 artil gradué.;Bosch GCL25 professional;OL-15-001-MAC;OK;
LASER ROTATIF;HILTI  PR35;HILTI pr 35*pulseII power*item:368000*serial : 300120059*Hilti pra 72*support rural pour le montage Hilti laser sur les murs des trépieds des colonnes ou des plafonds de rotation*reporter et contrôler des alignements horizontale des plans verticaux inclinés et angles droits permet de mettre à niveau rapidement n’importe quelle surface avec grande précision*01 laser rotatif pr35*01 télécommande/récepteur laser*01support de récepteur PRA-80*01 plaquette cible*01 bloc acculions PRA-84*01 bloc d’alimentation au réseau PRA85;Hilti pr 35;OL-15-002-MAC;OK;
DÉCOUPE CARREAUX;dexter avec rapporteur d’angle & 1 niveau;outil de coupe de carreaux, avec rapporteur d’angle plus 1 niveau : MLH60 et 2 niveau : Mhl80 Stanley;dexter;OM-15-001-car;OK;
PISTOLET APPLICATEUR;HILTI JEP DSC  (MALETTE ROUGE);JEP DSC dispencer pistole applicateur + Masse coupe-feu CP620 338722*pan CP620 CF 101 et CF 102+ tube de masse coupe-feu CP620 pour calfeutrement de câble et tuyaux.*Petite et moyenne autre;HILTI JEP DSC;OM-15-001-EL;OK;
FORETS DE PERÇAGE;au diamant (Valise Grise);forets de perçage au diamant, pour évacuation sanitaire tuyauterie chauffage encastrement de boite électrique 5 forets : Q35-45-55-68-105mn. 1- adaptateur Hex 1/2 mate*1-adaptateur SDS 1/2 mate*1-chasse foret centreur*1-foret centreur Q 10mm*1-extension 200mm ½*1-extension 200mm 1/2 male-femelle;norton;OM-15-001-Mac;OK;
PINCE A NIVET;Fixam HR-002-N  (Petite Malette bleue);Fixam HR-002-N;Fixam HR-002-N;OM-15-001-MEC;OK;
SCIE;scie à main Stanley pour bois;scie à main Stanley pour bois;Stanley;OM-15-001-men;OK;
PINCE À EMBOITURE;Novipro* (MALETTE noir);Q:12-14-16-18-22-28-32mm NB: manque Q 32;novipro;OM-15-001-PLB;OK;
DÉCOUPE CARREAUX;rubi tx-900 avec rapporteur d’angle intégré (mallette longue);outil de coupe de carreau, avec rapporteur d’angle intégré plus 1 instrument de mesure;rubi tx-900;OM-15-002-car;OK;
SCIE;scie à main IRWIN PLUS JACK pour bois;IRWIN PLUS JACK 3049 ultrafine 325mm/13.12t/13P;IRWIN PLUS JACK 3049;OM-15-002-MAC;;
SCIE;scie Metabo à onglet radiale;metabo kgs 216 m;metabo kgs 216 m;OM-15-002-Men;OK;
PINCE À SERTIR;Coffret Multicouche PER - TH12 - TH16 - TH20 - TH26*(Malette grise);Muliticouche PER Muliti Quick Serie #: 9180*Coffret pince à sentir Multicouche PER avec 04 inserts de diamètre TH12 - TH16 - TH20 - TH26;;OM-15-002-PLB;OK;
PIOCHE;2,5kg manche incassable;Nertech mb 2,5kg*manche incassable fiche de verre-polypropylène élastomère;Nertech mb 2,5kg;OM-15-003-Mac;OK;
SCIE ;scie circulaire manuelle hilti wsc-55 (MALETTE ROUGE);hilti wsc-55 230v-1500w-5500/min max Q=160mn*N°:00000117947*scie circulaire manuelle hilti wsc-55 avec rail de guidage pour usage de bois. Une scie de recharge Hilti w csc 180x20;hilti wsc-55;OM-15-003-Men;OK;
PINCE DE MONTAGE A SERTIR;coffret de montage pour raccord a glissement PER 140s/Eo2946* (Malette grise);coffret de montage pour raccord a glissement PER 140s/Eo2946*pince de montage à servir 1*pour raccord a glissement*pince à évaser/a emboiture*berceau 12-16-20*coupe tube*berceau butoir 1/2 -3/4-5/8*Manuel;;OM-15-003-PLB;OK;
PIOCHE;2,5kg manche incassable;Nertech mb 2,5kg*manche incassable fiche de verre-polypropylène élastomère;NERTECH m.b 2,5kg;OM-15-004-Mac;OK;
SCIE;scie sabre Hilti wsr 900-pe (VALISE ROUGE);Hilti wsr 900-pe*scie sabre avec 09 lames de scie pour découpe, menuiserie/mec;Hilti wsr 900-pe;OM-15-004-Men;OK;
SCIE;scie sauteuse festool ps300 EQ (MALETTE blanche);FESTOOL ps 300 EQ N° :40137803*scie sauteuse festool ps300 EQ avec coffret à scie;FESTOOL ps 300 EQ;OM-15-005-Men;OK;
PELLE RONDE;pelle ronde 27cm M.B 27;M.B-27cm acier trempé*épaisseur 2mm t 0,2*traitement thermique directe 45-50r/rc;M.B-27cm;OM-15-006-MAC;OK;
RABOT MANUEL;PETIT RA BOT A MAIN EN METAL;;;OM-15-006-MEN;OK;
PELLE RONDE;pelle ronde 27cm M.B 27;M.B-27cm acier trempé*épaisseur 2mm t 0,2*traitement thermique directe 45-50HC;M.B-27cm;OM-15-007-MAC;OK;
PELLE RONDE;Pelle ronde27cm M.B;M.B27cm*Acier trempé*épaisseur 2mm 0,2*traitement thermique*dureté.45.50 HC;M.B-27cm;OM-15-008-Mac;OK;
SCIE;scie à métaux Stanley;scie à métaux Stanley Fat Max;Stanley Fat Max;OM-15-008-Mec;;
VISSEUSE;tournevis portatif Black x decker (MALETTE grise);Black x decker kc 100. 24v 150 RPM 200 13152*tournevis portatif rechargeable Black x decker avec plusieurs outils, forets tournevis;black x decker kc 100;Om-16-men;OK;
POSTE À SOUDER;électrique à l'arc;GYSMI 160p invertev 14.10.004335 A canaux continue*électrode pour soudure acier, inox, fonte.*Q1, 6 A 4MN DE 10A 160 A plus porte électrode plus câble de masse.;GYSMI 160p;pas-15-001-sea;OK;
POSTE À SOUDER;SOA;bouteille oxygène 6,27kgx5L plus Mano détendeur baret acétylène 10,9k*plus Mano détendeur*un chalumeau (sondage)*deux raccard de 5mn.semperit 2014 20bous dn, 63-30°c pn 20bars;poste à souder SOA;pas-15-002-soa;OK;
RÈGLE;MB 2M;;MB;RG-16-001-MAC;OK;
RÈGLE;2M;;;RG-16-002-MAC;OK;
RÈGLE A NIVEAU; Stanley FATmax 183 MM;Stanley FATmax;Stanley Fatmax;RGN-16-001-MAC;OK;
RÈGLE A NIVEAU; Stanley FATmax 122 MM;Stanley FATmax;Stanley Fatmax;RGN-16-002-MAC;OK;
RÈGLE A NIVEAU;ROGER MONDELIN 2M;ROGER MONDELIN 2M;ROGER MONDELIN;RGN-16-003-MAC;OK;
RÈGLE A NIVEAU;REGLE MACON ORANGE;;;RGN-16-004-MAC;OK;
SAC A OUTIL;facom / sac a outil électricien (rouge-noir);sac a outil (rouge /noire)*facom   -pince divers tourne vice-pied a coulis instrument de mesure et contrôle-manteau-torche finale-pied à coulisse -spatule-ruban adhésion, isolant divers, cutters…;facom;So-15-001-elec;OK;
RALLLONGE ELECTRIQUE 1 PRISE;1 PRISE (ORANGE);;;OEL-15-004;OK;
RALLONGE ELECTRIQUE MULTIPRISE;ENROULEUR (ORANGE);;;OEL-15-003;OK;
